product_name,current_price,normal_price,product_url
Celular 14T Pro 5G | 512GB | 12GB RAM,2599900.0,5499900.0,https://www.falabella.com.co/falabella-co/product/73210828/Celular-Xiaomi-14T-Pro-5G-512GB-12GB-RAM/73210830?sponsoredClickData=%257B%2522isXLP%2522%253Atrue%252C%2522pageType%2522%253A%2522search%2522%252C%2522adType%2522%253A%2522products%2522%252C%2522platform%2522%253A%2522desktop%2522%252C%2522regionCode%2522%253A%2522co%2522%252C%2522context%2522%253A%257B%2522userIdentifier%2522%253A%2522MTc1NTM2ODQ2NTcyMA%253D%253D%2522%252C%2522adIdentifier%2522%253A%2522v2_3FzEp1iVdHPKdjx0m43AJR0tN2SIXmQ1UVa3-sNrExUEmeyQYh6B7ieG3uxFno8-soXYKDjplWh0i3q-iPbIgm2mGF9iw-DOG2jH5upde-OYZt36e_DZsYMTLjlsybtvpn47T6D5J7OcS0reNAGLDbPc5ueoc7qq-juQtES0r0Q%253D_ark198b41d111c5f12184%2522%252C%2522slot%2522%253A1%252C%2522signal%2522%253A%2522celulares%2522%252C%2522providerName%2522%253A%2522mabaya%2522%257D%257D
Celular Redmi Note 14 Pro Ocean Blue 8G RAM 256G,869900.0,1765900.0,https://www.falabella.com.co/falabella-co/product/140757024/Celular-Xiaomi-Redmi-Note-14-Pro-Ocean-Blue-8G-RAM-256G/140757025?sponsoredClickData=%257B%2522isXLP%2522%253Atrue%252C%2522pageType%2522%253A%2522search%2522%252C%2522adType%2522%253A%2522products%2522%252C%2522platform%2522%253A%2522desktop%2522%252C%2522regionCode%2522%253A%2522co%2522%252C%2522context%2522%253A%257B%2522userIdentifier%2522%253A%2522MTc1NTM2ODQ2NTcyMA%253D%253D%2522%252C%2522adIdentifier%2522%253A%2522v2_nJRA_Khy-RcyMtNx7j9w2h0tN2SIXmQ1UVa3-sNrExUEmeyQYh6B7ieG3uxFno8-wdOy1IqLqry4SEuMwGLq4ObcTDOHNVphA_U_SJQfG8AgJr36qxjQHJ6PRyxvEJ2Kpn47T6D5J7OcS0reNAGLDbPc5ueoc7qq-juQtES0r0Q%253D_ark198b41d111c5f12184%2522%252C%2522slot%2522%253A2%252C%2522signal%2522%253A%2522celulares%2522%252C%2522providerName%2522%253A%2522mabaya%2522%257D%257D
Celular iPhone 15 5G | 128GB | 6GB RAM | Compatible con eSIM,3999900.0,4599900.0,https://www.falabella.com.co/falabella-co/product/prod13430667/Celular-iPhone-15-5G-128GB-6GB-RAM-Compatible-con-eSIM/72752104
Celular Edge 50 Fusion 5G | 256GB | 8GB RAM,879900.0,2299900.0,https://www.falabella.com.co/falabella-co/product/72967063/Celular-Motorola-Edge-50-Fusion-5G-256GB-8GB-RAM/72967064
Celular Galaxy A36 5G | 256 GB |8GB RAM,1094900.0,1999900.0,https://www.falabella.com.co/falabella-co/product/73268337/Celular-Samsung-Galaxy-A36-5G-256-GB-8GB-RAM/73268339
Celular Edge 50 Neo 5G | 256GB | 8GB RAM,939900.0,2499900.0,https://www.falabella.com.co/falabella-co/product/73004861/Celular-Motorola-Edge-50-Neo-5G-256GB-8GB-RAM/73335017
Celular Galaxy A26 256GB 5G - Negro,929900.0,1599900.0,https://www.falabella.com.co/falabella-co/product/142686388/Celular-Samsung-Galaxy-A26-256GB-5G-Negro/142686389?sponsoredClickData=%257B%2522isXLP%2522%253Atrue%252C%2522pageType%2522%253A%2522search%2522%252C%2522adType%2522%253A%2522products%2522%252C%2522platform%2522%253A%2522desktop%2522%252C%2522regionCode%2522%253A%2522co%2522%252C%2522context%2522%253A%257B%2522userIdentifier%2522%253A%2522MTc1NTM2ODQ2NTcyMA%253D%253D%2522%252C%2522adIdentifier%2522%253A%2522v2_H809YkqtErhja-qM87xHBx0tN2SIXmQ1UVa3-sNrExUEmeyQYh6B7ieG3uxFno8-3SN6ETmcyodzieYKUzSgDLqWkpaoWt7tcauMrR1rSHhROMPa1thcBsA5ND5hPhPEpn47T6D5J7OcS0reNAGLDbPc5ueoc7qq-juQtES0r0Q%253D_ark198b41d111c5f12184%2522%252C%2522slot%2522%253A7%252C%2522signal%2522%253A%2522celulares%2522%252C%2522providerName%2522%253A%2522mabaya%2522%257D%257D
Celular Redmi 15 Sandy Purple 8GB RAM 256GB ROM,749900.0,829900.0,https://www.falabella.com.co/falabella-co/product/146167411/Celular-Xiaomi-Redmi-15-Sandy-Purple-8GB-RAM-256GB-ROM/146167412?sponsoredClickData=%257B%2522isXLP%2522%253Atrue%252C%2522pageType%2522%253A%2522search%2522%252C%2522adType%2522%253A%2522products%2522%252C%2522platform%2522%253A%2522desktop%2522%252C%2522regionCode%2522%253A%2522co%2522%252C%2522context%2522%253A%257B%2522userIdentifier%2522%253A%2522MTc1NTM2ODQ2NTcyMA%253D%253D%2522%252C%2522adIdentifier%2522%253A%2522v2_YcHRxQBi4pydpthNaGjIL28Xa-WeuFLVsvQrTCeucKMEmeyQYh6B7ieG3uxFno8-yyRiBR-u68pvMIK9GfBspwA3H_wQ_VOtiB_rJeYt6ehO2E8ZGA1VJMWii65-6cpoNdGkaxigjp5r0LNFOhpWq7Pc5ueoc7qq-juQtES0r0Q%253D_ark198b41d111c5f12184%2522%252C%2522slot%2522%253A8%252C%2522signal%2522%253A%2522celulares%2522%252C%2522providerName%2522%253A%2522mabaya%2522%257D%257D
Celular Poco X7 Pro 5G 512Gb 12Ram 50Mp Negro,1349900.0,1997900.0,https://www.falabella.com.co/falabella-co/product/139966499/Celular-Xiaomi-Poco-X7-Pro-5G-512Gb-12Ram-50Mp-Negro/139966500
Celular Galaxy S25 5G | 256GB |12GB RAM,3899900.0,4879900.0,https://www.falabella.com.co/falabella-co/product/73315331/Celular-Samsung-Galaxy-S25-5G-256GB-12GB-RAM-/73315332
Celular S24 ULTRA 5G IA 512GB 12GB RAM - Gris,3849900.0,8000000.0,https://www.falabella.com.co/falabella-co/product/127936817/Celular-Samsung-S24-ULTRA-5G-IA-512GB-12GB-RAM-Gris/127936818
Celular Galaxy S25 Plus 5G |256GB |12GB RAM,4399900.0,5549900.0,https://www.falabella.com.co/falabella-co/product/73211154/Celular-Samsung-Galaxy-S25-Plus-5G-256GB-12GB-RAM/73211156
Celular GALAXY A05 128GB 4GB RAM PLATA,329900.0,699900.0,https://www.falabella.com.co/falabella-co/product/127745342/Celular-SAMSUNG-GALAXY-A05-128GB-4GB-RAM-PLATA/127745343
Celular S24 ULTRA 5G IA 256GB 12GB RAM Negro,3649900.0,7000000.0,https://www.falabella.com.co/falabella-co/product/127936383/Celular-Samsung-S24-ULTRA-5G-IA-256GB-12GB-RAM-Negro/127936384
Celular iPhone 13 5G |128 GB | 4GB RAM | Compatible con eSIM,2399900.0,3479900.0,https://www.falabella.com.co/falabella-co/product/prod12000048/Celular-iPhone-13-5G-128-GB-4GB-RAM-Compatible-con-eSIM/19604508
Celular S24 ULTRA 5G IA 512GB 12GB RAM Negro,3849900.0,8000000.0,https://www.falabella.com.co/falabella-co/product/127936660/Celular-Samsung-S24-ULTRA-5G-IA-512GB-12GB-RAM-Negro/127936661
Celular iPhone 16e 5G | 128GB | 8GB RAM | Compatible con eSIM,2799900.0,3599900.0,https://www.falabella.com.co/falabella-co/product/73262421/Celular-iPhone-16e-5G-128GB-8GB-RAM-Compatible-con-eSIM/73262422
"Celular Redmi 13 256GB | 8GB RAM | Cámara Posterior 108MP+2MP | Cámara Frontal 13MP | Pantalla 6.79""| MediaTek Helio G91-Ultra",569900.0,1499900.0,https://www.falabella.com.co/falabella-co/product/73210819/Celular-Xiaomi-Redmi-13-256GB-8GB-RAM-Camara-Posterior-108MP+2MP-Camara-Frontal-13MP-Pantalla-6.79-MediaTek-Helio-G91-Ultra/73210819
Celular Redmi Note 14 Pro Midnight Black 8G RAM 256G,869900.0,1765900.0,https://www.falabella.com.co/falabella-co/product/140757299/Celular-Xiaomi-Redmi-Note-14-Pro-Midnight-Black-8G-RAM-256G/140757300
Celular Galaxy A56 5G IA 256GB 12GB RAM Negro,1599900.0,2429900.0,https://www.falabella.com.co/falabella-co/product/144953213/Celular-Samsung-Galaxy-A56-5G-IA-256GB-12GB-RAM-Negro/144953214
Celular Galaxy A16 Negro 5G | 256GB |8GB RAM,799900.0,1044900.0,https://www.falabella.com.co/falabella-co/product/73315335/Celular-Samsung-Galaxy-A16-Negro-5G-256GB-8GB-RAM/73315336
Celular Redmi Note 14 Midnight Black 8 RAM 256,669900.0,1052900.0,https://www.falabella.com.co/falabella-co/product/141164643/Celular-Xiaomi-Redmi-Note-14-Midnight-Black-8-RAM-256/141164644
Celular Redmi 14C 256GB 8GB RAM Ampliable a 16GB Negro,489900.0,1000000.0,https://www.falabella.com.co/falabella-co/product/138507592/Celular-Xiaomi-Redmi-14C-256GB-8GB-RAM-Ampliable-a-16GB-Negro/138507593
Celular Galaxy A56 5G | 256GB |8GB RAM | Fit 3 Negra,1599900.0,2399900.0,https://www.falabella.com.co/falabella-co/product/73315341/Celular-Samsung-Galaxy-A56-5G-256GB-8GB-RAM-Fit-3-Negra-/73315343
Celular Redmi Note 14 Pro Ocean Blue 8G RAM 256G,869900.0,1765900.0,https://www.falabella.com.co/falabella-co/product/140757024/Celular-Xiaomi-Redmi-Note-14-Pro-Ocean-Blue-8G-RAM-256G/140757025
Celular Redmi 13 8gb/256gb Negro,519900.0,1179900.0,https://www.falabella.com.co/falabella-co/product/143932925/Celular-XIaomi-Redmi-13-8gb-256gb-Negro/143932926
Celular 15 5G | 512GB | 12GB RAM | Tablet,4799900.0,4999900.0,https://www.falabella.com.co/falabella-co/product/73283917/Celular-Xiaomi-15-5G-512GB-12GB-RAM-Tablet-/73283918
Celular A80 5G |256GB | 8GB RAM,869900.0,1999900.0,https://www.falabella.com.co/falabella-co/product/73059864/Celular-Oppo-A80-5G-256GB-8GB-RAM/73059864
Celular Galaxy A16 256GB 8GB RAM Negro,689900.0,1299900.0,https://www.falabella.com.co/falabella-co/product/141038246/Celular-Samsung-Galaxy-A16-256GB-8GB-RAM-Negro/141038247?sponsoredClickData=%257B%2522isXLP%2522%253Atrue%252C%2522pageType%2522%253A%2522search%2522%252C%2522adType%2522%253A%2522products%2522%252C%2522platform%2522%253A%2522desktop%2522%252C%2522regionCode%2522%253A%2522co%2522%252C%2522context%2522%253A%257B%2522userIdentifier%2522%253A%2522MTc1NTM2ODQ2NTcyMA%253D%253D%2522%252C%2522adIdentifier%2522%253A%2522v2_-1rlorajAy3UMci0RIlzIkweoSE4PBOBUonC2QZa_ssEmeyQYh6B7ieG3uxFno8-Fj4NuvIKKHaiQRxfUQe5C0BIjJnwVyKZimV2Ypj1UBCcTXocdGD-_3bnxvd22xrr6bhQmG2Zx5zEjb93s1ayy7Pc5ueoc7qq-juQtES0r0Q%253D_ark198b41d111c5f12184%2522%252C%2522slot%2522%253A29%252C%2522signal%2522%253A%2522celulares%2522%252C%2522providerName%2522%253A%2522mabaya%2522%257D%257D
Celular Galaxy A05 64GB - Silver,269900.0,399900.0,https://www.falabella.com.co/falabella-co/product/126595823/Celular-Samsung-Galaxy-A05-64GB-Silver/126595824?sponsoredClickData=%257B%2522isXLP%2522%253Atrue%252C%2522pageType%2522%253A%2522search%2522%252C%2522adType%2522%253A%2522products%2522%252C%2522platform%2522%253A%2522desktop%2522%252C%2522regionCode%2522%253A%2522co%2522%252C%2522context%2522%253A%257B%2522userIdentifier%2522%253A%2522MTc1NTM2ODQ2NTcyMA%253D%253D%2522%252C%2522adIdentifier%2522%253A%2522v2_dh2M-_ARV7ndPAhYBLXl0VAnFmEER3YOV-vK6AQ2d8AEmeyQYh6B7ieG3uxFno8-IsnLuVELcaXswBs70e4HBzxUNdBtGbAKqfDX1UkR7Q_45-MLSuQL2Rmb1NUP77Dn8w2YB_3iWGK48cEwPB3ANrPc5ueoc7qq-juQtES0r0Q%253D_ark198b41d111c5f12184%2522%252C%2522slot%2522%253A30%252C%2522signal%2522%253A%2522celulares%2522%252C%2522providerName%2522%253A%2522mabaya%2522%257D%257D
Celular Galaxy A56 5G IA 256GB 12GB RAM Rosado,1629900.0,2000000.0,https://www.falabella.com.co/falabella-co/product/142238633/Celular-Samsung-Galaxy-A56-5G-IA-256GB-12GB-RAM-Rosado/142238635
Celular G75 5G | 256GB | 8GB RAM,849900.0,1599900.0,https://www.falabella.com.co/falabella-co/product/73193874/Celular-Motorola-G75-5G-256GB-8GB-RAM/73193874
Celular edge 60 fusion 5G | 256GB | 8GB RAM,1094900.0,2299900.0,https://www.falabella.com.co/falabella-co/product/73304155/Celular-motorola-edge-60-fusion-5G-256GB-8GB-RAM-/73304156
Celular Note 50s 5G | 256GB | 8GB RAM,899900.0,2199900.0,https://www.falabella.com.co/falabella-co/product/73300589/Celular-Infinix-Note-50s-5G-256GB-8GB-RAM/73300589
Celular G15 5G | 256GB | 4GB RAM,479900.0,999900.0,https://www.falabella.com.co/falabella-co/product/73193879/Celular-Motorola-G15-5G-256GB-4GB-RAM/73193880
Celular Galaxy S24 Ultra 512GB 12RAM 5G Negro Titanio,3849900.0,5949900.0,https://www.falabella.com.co/falabella-co/product/128302097/Celular-Samsung-Galaxy-S24-Ultra-512GB-12RAM-5G-Negro-Titanio/128302098
Celular Galaxy S25 5G | 512GB |12GB RAM | Incluye Gratis Galaxy A06,4099900.0,5549900.0,https://www.falabella.com.co/falabella-co/product/73293621/Celular-Samsung-Galaxy-S25-5G-512GB-12GB-RAM-Incluye-Gratis-Galaxy-A06/73293622
Celular Redmi 14C 256GB 4GB RAM Ampliable a 8GB Negro,439900.0,1000000.0,https://www.falabella.com.co/falabella-co/product/138508103/Celular-Xiaomi-Redmi-14C-256GB-4GB-RAM-Ampliable-a-8GB-Negro/138508104
Celular Galaxy A05 64GB - Negro,269900.0,399900.0,https://www.falabella.com.co/falabella-co/product/126595746/Celular-Samsung-Galaxy-A05-64GB-Negro/126595751
Celular G55 5G | 256GB |8GB RAM,699900.0,1399900.0,https://www.falabella.com.co/falabella-co/product/73193877/Celular-Motorola-G55-5G-256GB-8GB-RAM/73193878
"Celular Redmi 14C 256GB | 4GB RAM | Cámara posterior 50MP + QVGA | Cámara Frontal 13MP | Pantalla 6,8"" pulgadas + Procesador MediaTek Helio G81-Ultra",489900.0,999900.0,"https://www.falabella.com.co/falabella-co/product/73210821/Celular-Xiaomi-Redmi-14C-256GB-4GB-RAM-Camara-posterior-50MP-+-QVGA-Camara-Frontal-13MP-Pantalla-6,8-pulgadas-+-Procesador-MediaTek-Helio-G81-Ultra/73210823"
Celular Galaxy A05 64GB - Silver,269900.0,399900.0,https://www.falabella.com.co/falabella-co/product/126595823/Celular-Samsung-Galaxy-A05-64GB-Silver/126595824
Celular Galaxy S25 ULTRA 5G 512GB 12GB RAM Gris Titanio,4549900.0,8000000.0,https://www.falabella.com.co/falabella-co/product/140465677/Celular-Samsung-Galaxy-S25-ULTRA-5G-512GB-12GB-RAM-Gris-Titanio/140465678
Celular Galaxy A16 256GB 8GB RAM Negro,689900.0,1299900.0,https://www.falabella.com.co/falabella-co/product/141038246/Celular-Samsung-Galaxy-A16-256GB-8GB-RAM-Negro/141038247
Celular Galaxy A56 5G IA 256GB 12GB RAM Negro,1629900.0,2000000.0,https://www.falabella.com.co/falabella-co/product/142224190/Celular-Samsung-Galaxy-A56-5G-IA-256GB-12GB-RAM-Negro/142224191
Celular Redmi Note 14 PRO 5G 512GB 12GB RAM Negro,1389900.0,2000000.0,https://www.falabella.com.co/falabella-co/product/140121480/Celular-Xiaomi-Redmi-Note-14-PRO-5G-512GB-12GB-RAM-Negro/140121481
Celular Redmi Note 14 Pro 5G 256Gb / 8Ram / 200mp Negro,1099900.0,1699900.0,https://www.falabella.com.co/falabella-co/product/139969749/Celular-Xiaomi-Redmi-Note-14-Pro-5G-256Gb-8Ram-200mp-Negro/139969750
Celular moto g56 4G | 256GB | 8GB RAM,779900.0,1599900.0,https://www.falabella.com.co/falabella-co/product/73329917/Celular-moto-g56-4G-256GB-8GB-RAM/73329917
Celular Galaxy A06 128GB - Verde,359900.0,459900.0,https://www.falabella.com.co/falabella-co/product/140735651/Celular-Samsung-Galaxy-A06-128GB-Verde/140735652
Celular Galaxy M55 5G RAM 8GB 256GB Verde,869900.0,1697900.0,https://www.falabella.com.co/falabella-co/product/144834662/Celular-Samsung-Galaxy-M55-5G-RAM-8GB-256GB-Verde/144834663
Celular Redmi 14C 256GB 8GB Ram Azul,469900.0,799900.0,https://www.falabella.com.co/falabella-co/product/136739224/Celular-Xiaomi-Redmi-14C-256GB-8GB-Ram-Azul/136739225
Celular Redmi Note 14 PRO 5G 512GB 12GB RAM Púrpura,1389900.0,2000000.0,https://www.falabella.com.co/falabella-co/product/140121577/Celular-Xiaomi-Redmi-Note-14-PRO-5G-512GB-12GB-RAM-Purpura/140121578
Celular Magic 7 Lite 5G 256Gb 8Ram 108mpx Negro,1149900.0,1799900.0,https://www.falabella.com.co/falabella-co/product/142062126/Celular-Honor-Magic-7-Lite-5G-256Gb-8Ram-108mpx-Negro/142062127
Celular G15 4GB 256GB Gris,459900.0,593900.0,https://www.falabella.com.co/falabella-co/product/142210294/Celular-MOTOROLA-G15-4GB-256GB-Gris/142210301
Celular Galaxy A06 128GB - Verde,359900.0,459900.0,https://www.falabella.com.co/falabella-co/product/140735651/Celular-Samsung-Galaxy-A06-128GB-Verde/140735652?sponsoredClickData=%257B%2522isXLP%2522%253Atrue%252C%2522pageType%2522%253A%2522search%2522%252C%2522adType%2522%253A%2522products%2522%252C%2522platform%2522%253A%2522desktop%2522%252C%2522regionCode%2522%253A%2522co%2522%252C%2522context%2522%253A%257B%2522userIdentifier%2522%253A%2522MTc1NTM2ODQ2NTcyMA%253D%253D%2522%252C%2522adIdentifier%2522%253A%2522v2_VlEzjoGoJmJ4q_nHMy_dB2G0yfLp3loH8MVwkRCRII4EmeyQYh6B7ieG3uxFno8-g6TTJEWYyWtuCN6NbMV5BW8pY_O07eFl4gl7wAqDsyAAQu6gqRLuK6mReqeS5qBMN0fOXUsZSCMz1YC1c0a7pbPc5ueoc7qq-juQtES0r0Q%253D_ark198b41d111c5f12184%2522%252C%2522slot%2522%253A55%252C%2522signal%2522%253A%2522celulares%2522%252C%2522providerName%2522%253A%2522mabaya%2522%257D%257D
Celular Galaxy A36 5G | 256 GB |8GB RAM,1094900.0,1999900.0,https://www.falabella.com.co/falabella-co/product/73268337/Celular-Samsung-Galaxy-A36-5G-256-GB-8GB-RAM/73268339?sponsoredClickData=%257B%2522isXLP%2522%253Atrue%252C%2522pageType%2522%253A%2522search%2522%252C%2522adType%2522%253A%2522products%2522%252C%2522platform%2522%253A%2522desktop%2522%252C%2522regionCode%2522%253A%2522co%2522%252C%2522context%2522%253A%257B%2522userIdentifier%2522%253A%2522MTc1NTM2ODQ2NTcyMA%253D%253D%2522%252C%2522adIdentifier%2522%253A%2522v2_WHhvk_wD9HIr_WYn6F3KBJ0UeWdiMUWSo1TJRGpgpZAEmeyQYh6B7ieG3uxFno8-TPWRX2VU3syiKwADm6MoSW2mGF9iw-DOG2jH5upde-MwPhZc4gkXo05EHFJCmC1wmXLdOVHwZR6e3wAm2034sbPc5ueoc7qq-juQtES0r0Q%253D_ark198b41d111c5f12184%2522%252C%2522slot%2522%253A56%252C%2522signal%2522%253A%2522celulares%2522%252C%2522providerName%2522%253A%2522mabaya%2522%257D%257D
Celular Galaxy A36 5G | 256 GB |8GB RAM,1094900.0,1999900.0,https://www.falabella.com.co/falabella-co/product/73268337/Celular-Samsung-Galaxy-A36-5G-256-GB-8GB-RAM/73268339?sponsoredClickData=%257B%2522isXLP%2522%253Atrue%252C%2522pageType%2522%253A%2522search%2522%252C%2522adType%2522%253A%2522products%2522%252C%2522platform%2522%253A%2522desktop%2522%252C%2522regionCode%2522%253A%2522co%2522%252C%2522context%2522%253A%257B%2522userIdentifier%2522%253A%2522MTc1NTM2ODQ2NTcyMA%253D%253D%2522%252C%2522adIdentifier%2522%253A%2522v2_BaPbK-fHlwAhSZqD1v-hYYOVpM2t_pMHWB_BCOt945wEmeyQYh6B7ieG3uxFno8-TPWRX2VU3syiKwADm6MoSaqd8YW4670qDfW3ylzs0tDl4-wylT43fF4V-AC5h26jmXLdOVHwZR6e3wAm2034sXIanVMiBx57srHZHz00RbM%253D_ark198b41a1fab5f6901e%2522%252C%2522slot%2522%253A1%252C%2522signal%2522%253A%2522celulares%2522%252C%2522providerName%2522%253A%2522mabaya%2522%257D%257D
Celular Moto G56 5G 256GB - Verde,799900.0,949900.0,https://www.falabella.com.co/falabella-co/product/144438887/Celular-Motorola-Moto-G56-5G-256GB-Verde/144438888?sponsoredClickData=%257B%2522isXLP%2522%253Atrue%252C%2522pageType%2522%253A%2522search%2522%252C%2522adType%2522%253A%2522products%2522%252C%2522platform%2522%253A%2522desktop%2522%252C%2522regionCode%2522%253A%2522co%2522%252C%2522context%2522%253A%257B%2522userIdentifier%2522%253A%2522MTc1NTM2ODQ2NTcyMA%253D%253D%2522%252C%2522adIdentifier%2522%253A%2522v2_QUDu5mOSarylmJfCEKRd7biQm66f4L3F_x0fNvIYG9gEmeyQYh6B7ieG3uxFno8-Y7-DV-0JubefAzPKSqbgvmAoPhp1sz_LGWoeqqhc7g3rvcIsaowz5NsPT26RXujmMG0fFiT4Ie2h2A1kF_nL73IanVMiBx57srHZHz00RbM%253D_ark198b41a1fab5f6901e%2522%252C%2522slot%2522%253A2%252C%2522signal%2522%253A%2522celulares%2522%252C%2522providerName%2522%253A%2522mabaya%2522%257D%257D
Celular Redmi 13 256Gb 8Ram 108Mpx Negro Ocaso,499900.0,759900.0,https://www.falabella.com.co/falabella-co/product/135523240/Celular-Xiaomi-Redmi-13-256Gb-8Ram-108Mpx-Negro-Ocaso/135523241
CELULAR A06 4+128GB NEGRO,369900.0,600000.0,https://www.falabella.com.co/falabella-co/product/141239055/CELULAR-SAMSUNG-A06-4+128GB-NEGRO/141239091
Celular Galaxy A56 5G IA 256GB 12GB RAM Gris,1629900.0,2000000.0,https://www.falabella.com.co/falabella-co/product/142238676/Celular-Samsung-Galaxy-A56-5G-IA-256GB-12GB-RAM-Gris/142238677
CELULAR REDMI NOTE 14 8+256GB AZUL,669900.0,849900.0,https://www.falabella.com.co/falabella-co/product/140754788/CELULAR-XIAOMI-REDMI-NOTE-14-8+256GB-AZUL/140754789
Celular Redmi Note 14 Midnight Black 8 RAM 256,669900.0,1052900.0,https://www.falabella.com.co/falabella-co/product/141164643/Celular-Xiaomi-Redmi-Note-14-Midnight-Black-8-RAM-256/141164644?sponsoredClickData=%257B%2522isXLP%2522%253Atrue%252C%2522pageType%2522%253A%2522search%2522%252C%2522adType%2522%253A%2522products%2522%252C%2522platform%2522%253A%2522desktop%2522%252C%2522regionCode%2522%253A%2522co%2522%252C%2522context%2522%253A%257B%2522userIdentifier%2522%253A%2522MTc1NTM2ODQ2NTcyMA%253D%253D%2522%252C%2522adIdentifier%2522%253A%2522v2_RE6upNXvuhOZ1__Jsdi33Sc2pZMxIfwqVtjZqirpA3gEmeyQYh6B7ieG3uxFno8-V_eefjiS8iDipi66fyDLI_CNtE5FyLDbjB0BR_C0Cj4TZpw7kzjW5W0XsBSsZvipRvg18xcNFHsOYenCKgbM03IanVMiBx57srHZHz00RbM%253D_ark198b41a1fab5f6901e%2522%252C%2522slot%2522%253A7%252C%2522signal%2522%253A%2522celulares%2522%252C%2522providerName%2522%253A%2522mabaya%2522%257D%257D
Celular GALAXY A05 128GB 4GB RAM PLATA,329900.0,699900.0,https://www.falabella.com.co/falabella-co/product/127745342/Celular-SAMSUNG-GALAXY-A05-128GB-4GB-RAM-PLATA/127745343?sponsoredClickData=%257B%2522isXLP%2522%253Atrue%252C%2522pageType%2522%253A%2522search%2522%252C%2522adType%2522%253A%2522products%2522%252C%2522platform%2522%253A%2522desktop%2522%252C%2522regionCode%2522%253A%2522co%2522%252C%2522context%2522%253A%257B%2522userIdentifier%2522%253A%2522MTc1NTM2ODQ2NTcyMA%253D%253D%2522%252C%2522adIdentifier%2522%253A%2522v2_50sr4CvdUuMbWS3SOo3jhk3kt5Ctyr6oYGoJ_i02fg8EmeyQYh6B7ieG3uxFno8-YMM3d4qEf4dBxuWwMkT7JpffUNVzu2jjMTFNDg3Q6Mp0VqunrlaC58rinKQTsCuPwyO8Uz7OOIhGqFoGRocj1XIanVMiBx57srHZHz00RbM%253D_ark198b41a1fab5f6901e%2522%252C%2522slot%2522%253A8%252C%2522signal%2522%253A%2522celulares%2522%252C%2522providerName%2522%253A%2522mabaya%2522%257D%257D
Celular Redmi Note 14 Ocean Blue 8 RAM 256,669900.0,1052900.0,https://www.falabella.com.co/falabella-co/product/140758377/Celular-Xiaomi-Redmi-Note-14-Ocean-Blue-8-RAM-256/140758378
Celular Redmi Note 14 Negro 5G | 256GB | 8GB RAM,999900.0,1599900.0,https://www.falabella.com.co/falabella-co/product/73269315/Celular-Xiaomi-Redmi-Note-14-Negro-5G-256GB-8GB-RAM-/73269317
Celular Redmi Note 14 PRO 5G 256GB 8GB RAM Verde,1149900.0,2000000.0,https://www.falabella.com.co/falabella-co/product/140120919/Celular-Xiaomi-Redmi-Note-14-PRO-5G-256GB-8GB-RAM-Verde/140120920
Celular Redmi 13 128Gb 6Ram 108Mpx Negro,419900.0,649900.0,https://www.falabella.com.co/falabella-co/product/145505614/Celular-Xiaomi-Redmi-13-128Gb-6Ram-108Mpx-Negro/145505615
Celular Galaxy M55 5G RAM 8GB 256GB Negro,869900.0,1697900.0,https://www.falabella.com.co/falabella-co/product/144834859/Celular-Samsung-Galaxy-M55-5G-RAM-8GB-256GB-Negro/144834860
Celular Redmi Note 14 PRO 5G 512GB 12GB RAM Verde,1389900.0,2000000.0,https://www.falabella.com.co/falabella-co/product/140121516/Celular-Xiaomi-Redmi-Note-14-PRO-5G-512GB-12GB-RAM-Verde/140121519
CELULAR GALAXY A05 4 + 64GB NEGRO,289900.0,619900.0,https://www.falabella.com.co/falabella-co/product/128261163/CELULAR-SAMSUNG-GALAXY-A05-4-+-64GB-NEGRO/128261164
Celular edge 60 pro 5G | 512GB | 12GB RAM,2599900.0,3499900.0,https://www.falabella.com.co/falabella-co/product/73304160/Celular-motorola-edge-60-pro-5G-512GB-12GB-RAM-/73304161
Celular POCO X7 PRO 5G 512GB 12GB RAM Negro,1539900.0,2000000.0,https://www.falabella.com.co/falabella-co/product/140070569/Celular-Xiaomi-POCO-X7-PRO-5G-512GB-12GB-RAM-Negro/140070570
CELULAR REDMI NOTE 14 8+256GB VERDE,669900.0,849900.0,https://www.falabella.com.co/falabella-co/product/140754842/CELULAR-XIAOMI-REDMI-NOTE-14-8+256GB-VERDE/140754843
Celular Galaxy S25 Plus 5G | 512GB |12GB RAM,5799900.0,6149900.0,https://www.falabella.com.co/falabella-co/product/73211150/Celular-Samsung-Galaxy-S25-Plus-5G-512GB-12GB-RAM/73211152
Celular A40 4G | 256GB | 4GB RAM,549900.0,1599900.0,https://www.falabella.com.co/falabella-co/product/73059860/Celular-Oppo-A40-4G-256GB-4GB-RAM/73059861
CELULAR REDMI NOTE 14 8+256GB NEGRO,669900.0,849900.0,https://www.falabella.com.co/falabella-co/product/140755072/CELULAR-XIAOMI-REDMI-NOTE-14-8+256GB-NEGRO/140755073
Celular Galaxy A16 5G 256GB 8GB RAM Gris,779900.0,1000000.0,https://www.falabella.com.co/falabella-co/product/140371832/Celular-Samsung-Galaxy-A16-5G-256GB-8GB-RAM-Gris/140371835
Celular Redmi 14C 4GB 128GB Negro,389900.0,899900.0,https://www.falabella.com.co/falabella-co/product/136727620/Celular-Xiaomi-Redmi-14C-4GB-128GB-Negro/136727621
Celular Galaxy S24 FE 5G IA 256GB 8GB RAM Azul,2199900.0,3000000.0,https://www.falabella.com.co/falabella-co/product/138473851/Celular-Samsung-Galaxy-S24-FE-5G-IA-256GB-8GB-RAM-Azul/138473852
Celular G05 128GB Verde,362900.0,699900.0,https://www.falabella.com.co/falabella-co/product/143177461/Celular-MOTOROLA-G05-128GB-Verde/143177462
Celular Galaxy A56 5G IA 256GB 12GB RAM Verde Oliva,1629900.0,2000000.0,https://www.falabella.com.co/falabella-co/product/142238582/Celular-Samsung-Galaxy-A56-5G-IA-256GB-12GB-RAM-Verde-Oliva/142238583
Celular Redmi Note 14 256Gb Negro,694900.0,899900.0,https://www.falabella.com.co/falabella-co/product/141206191/Celular-Xiaomi-Redmi-Note-14-256Gb-Negro/141206192
Celular Galaxy A05 128GB Gris,333900.0,687900.0,https://www.falabella.com.co/falabella-co/product/130528114/Celular-SAMSUNG-Galaxy-A05-128GB-Gris/130528116
Celular 15 5G | 512GB | 12GB RAM | Tablet,4799900.0,4999900.0,https://www.falabella.com.co/falabella-co/product/73283917/Celular-Xiaomi-15-5G-512GB-12GB-RAM-Tablet-/73283919?sponsoredClickData=%257B%2522isXLP%2522%253Atrue%252C%2522pageType%2522%253A%2522search%2522%252C%2522adType%2522%253A%2522products%2522%252C%2522platform%2522%253A%2522desktop%2522%252C%2522regionCode%2522%253A%2522co%2522%252C%2522context%2522%253A%257B%2522userIdentifier%2522%253A%2522MTc1NTM2ODQ2NTcyMA%253D%253D%2522%252C%2522adIdentifier%2522%253A%2522v2_JEkMFvzZD8aYEemcIprkSVZG4mWuOPu99zt979Uei3oEmeyQYh6B7ieG3uxFno8-3SN6ETmcyodzieYKUzSgDDaIDpJAtsxdKriiAezXJNB0kAxhmQifNSgE6I9FccSZpn47T6D5J7OcS0reNAGLDXIanVMiBx57srHZHz00RbM%253D_ark198b41a1fab5f6901e%2522%252C%2522slot%2522%253A29%252C%2522signal%2522%253A%2522celulares%2522%252C%2522providerName%2522%253A%2522mabaya%2522%257D%257D
Celular Galaxy A05 64GB - Negro,269900.0,399900.0,https://www.falabella.com.co/falabella-co/product/126595746/Celular-Samsung-Galaxy-A05-64GB-Negro/126595751?sponsoredClickData=%257B%2522isXLP%2522%253Atrue%252C%2522pageType%2522%253A%2522search%2522%252C%2522adType%2522%253A%2522products%2522%252C%2522platform%2522%253A%2522desktop%2522%252C%2522regionCode%2522%253A%2522co%2522%252C%2522context%2522%253A%257B%2522userIdentifier%2522%253A%2522MTc1NTM2ODQ2NTcyMA%253D%253D%2522%252C%2522adIdentifier%2522%253A%2522v2_im18XiIQ_pwylpV3hwWv4fQXNu2obsvByFCSb_KVHTWMwdLNjkJt0Fh7eCfYZL5RTi6W3-iTlYVwETzaGQUuEanvOIufOLCGKfKuojfG4fGzeV77bOv4p_jpZwoWpKEgc30I4PDCg7_Ak5INEKs2dKqfF7_Ey4-QixhzoXPItik%253D_ark198b41a1fab5f6901e%2522%252C%2522slot%2522%253A30%252C%2522signal%2522%253A%2522celulares%2522%252C%2522providerName%2522%253A%2522mabaya%2522%257D%257D
Celular Redmi 14C 128GB 4GB RAM Ampliable a 8GB Negro,399900.0,600000.0,https://www.falabella.com.co/falabella-co/product/138508362/Celular-Xiaomi-Redmi-14C-128GB-4GB-RAM-Ampliable-a-8GB-Negro/138508363
Celular Galaxy A56 Negro 5G | 256GB |8GB RAM | Fit 3 Rosada,1599900.0,2399900.0,https://www.falabella.com.co/falabella-co/product/73315338/Celular-Samsung-Galaxy-A56-Negro-5G-256GB-8GB-RAM-Fit-3-Rosada-/73315338
Celular S24 ULTRA 5G IA 512GB 12GB RAM Morado,3849900.0,8000000.0,https://www.falabella.com.co/falabella-co/product/127936704/Celular-Samsung-S24-ULTRA-5G-IA-512GB-12GB-RAM-Morado/127936705
Celular Poco X7 Pro 5G 512Gb 12Ram 50Mp Amarillo,1349900.0,1997900.0,https://www.falabella.com.co/falabella-co/product/139960304/Celular-Xiaomi-Poco-X7-Pro-5G-512Gb-12Ram-50Mp-Amarillo/139960305
Celular Tecno Spark 30 5G | 256GB | 8GB RAM,659900.0,1304900.0,https://www.falabella.com.co/falabella-co/product/73231226/Celular-Tecno-Spark-30-5G-256GB-8GB-RAM/73231227
Redmi Note 14 256Gb 8GB Negro,679900.0,1499900.0,https://www.falabella.com.co/falabella-co/product/140207189/Xiaomi-Redmi-Note-14-256Gb-8GB-Negro/140207192
Celular Galaxy A26 5G IA 256GB 8GB RAM Verde Menta,959900.0,2000000.0,https://www.falabella.com.co/falabella-co/product/142699406/Celular-Samsung-Galaxy-A26-5G-IA-256GB-8GB-RAM-Verde-Menta/142699407
Celular Redmi Note 14 Pro 4G 256Gb / 8Ram / 200mp Negro,899900.0,1299900.0,https://www.falabella.com.co/falabella-co/product/140255650/Celular-Xiaomi-Redmi-Note-14-Pro-4G-256Gb-8Ram-200mp-Negro/140255651
Celular REDMI 13 256GB Negro.,779900.0,,https://www.falabella.com.co/falabella-co/product/135758106/Celular-REDMI-13-256GB-Negro./135758107
Celular Redmi Note 14 Ocean Blue 6 RAM 128G,619900.0,919900.0,https://www.falabella.com.co/falabella-co/product/140757913/Celular-Xiaomi-Redmi-Note-14-Ocean-Blue-6-RAM-128G/140757914
Celular G55 256GB Rosado,676900.0,999900.0,https://www.falabella.com.co/falabella-co/product/140358707/Celular-Motorola-G55-256GB-Rosado/140358708
Redmi 14C Midnight Black 8GB RAM 256GB,612900.0,,https://www.falabella.com.co/falabella-co/product/144722270/Redmi-14C-Midnight-Black-8GB-RAM-256GB/144722271
Celular POCO C71 Blue 3GB/64GB Dual SIM Android 15,369900.0,,https://www.falabella.com.co/falabella-co/product/144969652/Celular-POCO-C71-Blue-3GB-64GB-Dual-SIM-Android-15/144969653
Galaxy A16 Dual Sim 6gb Ram 128gb Negro,568900.0,1000000.0,https://www.falabella.com.co/falabella-co/product/142528884/Samsung-Galaxy-A16-Dual-Sim-6gb-Ram-128gb-Negro/142528885
Celular Redmi 14C 256GB 8GB RAM Ampliable a 16GB Azul,489900.0,1000000.0,https://www.falabella.com.co/falabella-co/product/138507629/Celular-Xiaomi-Redmi-14C-256GB-8GB-RAM-Ampliable-a-16GB-Azul/138507630
Celular Redmi Note 14 Pro 4G | 256GB | 8GB RAM,879900.0,2199900.0,https://www.falabella.com.co/falabella-co/product/prod13830205/Celular-Redmi-Note-14-Pro-4G-256GB-8GB-RAM/73200539
Celular Galaxy M55 5G 256GB Negro + Cargador 25W,928900.0,1300000.0,https://www.falabella.com.co/falabella-co/product/144024652/Celular-Samsung-Galaxy-M55-5G-256GB-Negro-+-Cargador-25W/144024653
Celular G55 256GB Negro,676900.0,999900.0,https://www.falabella.com.co/falabella-co/product/140358384/Celular-MOTOROLA-G55-256GB-Negro/140358385
Celular Redmi 14C 256GB 8GB Ram Negro,469900.0,799900.0,https://www.falabella.com.co/falabella-co/product/136981315/Celular-Xiaomi-Redmi-14C-256GB-8GB-Ram-Negro/136981316
Celular S24 ULTRA 5G IA 256GB 12GB RAM Gris,3649900.0,7000000.0,https://www.falabella.com.co/falabella-co/product/127933809/Celular-Samsung-S24-ULTRA-5G-IA-256GB-12GB-RAM-Gris/127933810
Celular 14T PRO 5G 512GB 12GB RAM Gris,2599900.0,3000000.0,https://www.falabella.com.co/falabella-co/product/139532898/Celular-Xiaomi-14T-PRO-5G-512GB-12GB-RAM-Gris/139532899
Celular Poco X7 5G 256Gb 8Ram 50Mp Negro,939900.0,1499900.0,https://www.falabella.com.co/falabella-co/product/139969875/Celular-Xiaomi-Poco-X7-5G-256Gb-8Ram-50Mp-Negro/139969876
Celular Galaxy A16 128GB 6GB - Gris,551900.0,749900.0,https://www.falabella.com.co/falabella-co/product/143451793/Celular-Samsung-Galaxy-A16-128GB-6GB-Gris/143451794
Celular Poco X7 Pro 5G 512 Gb 12 Ram Negro,1449900.0,1998000.0,https://www.falabella.com.co/falabella-co/product/139984239/Celular-Xiaomi-Poco-X7-Pro-5G-512-Gb-12-Ram-Negro/139984240
Celular G15 128GB Naranja,509900.0,639900.0,https://www.falabella.com.co/falabella-co/product/142206098/Celular-MOTOROLA-G15-128GB-Naranja/142206099?sponsoredClickData=%257B%2522isXLP%2522%253Atrue%252C%2522pageType%2522%253A%2522search%2522%252C%2522adType%2522%253A%2522products%2522%252C%2522platform%2522%253A%2522desktop%2522%252C%2522regionCode%2522%253A%2522co%2522%252C%2522context%2522%253A%257B%2522userIdentifier%2522%253A%2522MTc1NTM2ODQ2NTcyMA%253D%253D%2522%252C%2522adIdentifier%2522%253A%2522v2_FGpmRo1r9R23FlND9gRMrRJ0_zHUAYvj4kJsn7_NiUAEmeyQYh6B7ieG3uxFno8-dogMCniLv6fr37AkGT-4__CNtE5FyLDbjB0BR_C0Cj7cSyISnYzMy-cagfP5KhUYOYljFABsA0G4jK_z0zjo1XIanVMiBx57srHZHz00RbM%253D_ark198b41a1fab5f6901e%2522%252C%2522slot%2522%253A55%252C%2522signal%2522%253A%2522celulares%2522%252C%2522providerName%2522%253A%2522mabaya%2522%257D%257D
Celular Galaxy A26 256GB 5G - Verde,929900.0,1599900.0,https://www.falabella.com.co/falabella-co/product/142686366/Celular-Samsung-Galaxy-A26-256GB-5G-Verde/142686367?sponsoredClickData=%257B%2522isXLP%2522%253Atrue%252C%2522pageType%2522%253A%2522search%2522%252C%2522adType%2522%253A%2522products%2522%252C%2522platform%2522%253A%2522desktop%2522%252C%2522regionCode%2522%253A%2522co%2522%252C%2522context%2522%253A%257B%2522userIdentifier%2522%253A%2522MTc1NTM2ODQ2NTcyMA%253D%253D%2522%252C%2522adIdentifier%2522%253A%2522v2_cydZp7ipRgiQ6EWJV-bQFVZG4mWuOPu99zt979Uei3oEmeyQYh6B7ieG3uxFno8-wdOy1IqLqry4SEuMwGLq4Kqd8YW4670qDfW3ylzs0tDE4fwdFryFwSoSd48BtXAEpn47T6D5J7OcS0reNAGLDXIanVMiBx57srHZHz00RbM%253D_ark198b41a1fab5f6901e%2522%252C%2522slot%2522%253A56%252C%2522signal%2522%253A%2522celulares%2522%252C%2522providerName%2522%253A%2522mabaya%2522%257D%257D
Celular Galaxy A26 256GB 5G - Verde,929900.0,1599900.0,https://www.falabella.com.co/falabella-co/product/142686366/Celular-Samsung-Galaxy-A26-256GB-5G-Verde/142686367?sponsoredClickData=%257B%2522isXLP%2522%253Atrue%252C%2522pageType%2522%253A%2522search%2522%252C%2522adType%2522%253A%2522products%2522%252C%2522platform%2522%253A%2522desktop%2522%252C%2522regionCode%2522%253A%2522co%2522%252C%2522context%2522%253A%257B%2522userIdentifier%2522%253A%2522MTc1NTM2ODQ2NTcyMA%253D%253D%2522%252C%2522adIdentifier%2522%253A%2522v2_jX_kj1b3cTZMzqvO9sg9oLf-96FoA4uXqzG8I-025q8EmeyQYh6B7ieG3uxFno8-wdOy1IqLqry4SEuMwGLq4ADnkhJDMq9Uh9L_QIb8_frFfTKq83rzbDsKXdUTrH6Ypn47T6D5J7OcS0reNAGLDToRTXHNkoRKgwBfkQWx5-A%253D_ark198b41dbb5060e231b%2522%252C%2522slot%2522%253A1%252C%2522signal%2522%253A%2522celulares%2522%252C%2522providerName%2522%253A%2522mabaya%2522%257D%257D
Celular Reno 12 F 5G | 256 GB |12 GB RAM,1799900.0,2799900.0,https://www.falabella.com.co/falabella-co/product/73040649/Celular-Oppo-Reno-12-F-5G-256-GB-12-GB-RAM/73040650?sponsoredClickData=%257B%2522isXLP%2522%253Atrue%252C%2522pageType%2522%253A%2522search%2522%252C%2522adType%2522%253A%2522products%2522%252C%2522platform%2522%253A%2522desktop%2522%252C%2522regionCode%2522%253A%2522co%2522%252C%2522context%2522%253A%257B%2522userIdentifier%2522%253A%2522MTc1NTM2ODQ2NTcyMA%253D%253D%2522%252C%2522adIdentifier%2522%253A%2522v2_Qkvsc3Ts5RRlASGAaokDjekNxI1f4y50eDtMN0MIDu8EmeyQYh6B7ieG3uxFno8-AOdMeFa4w5YIQ7pSayuIA_8rK3hLiYFYo35Kp9Q8xtrcbv88abqkmMoPSH_oNUSNG0dEDaQmvAbDKqH7Fs1kQjoRTXHNkoRKgwBfkQWx5-A%253D_ark198b41dbb5060e231b%2522%252C%2522slot%2522%253A2%252C%2522signal%2522%253A%2522celulares%2522%252C%2522providerName%2522%253A%2522mabaya%2522%257D%257D
Celular Redmi Note 14 Pro 5G 256Gb / 8Ram / 200mp Verde,1099900.0,1699900.0,https://www.falabella.com.co/falabella-co/product/140095862/Celular-Xiaomi-Redmi-Note-14-Pro-5G-256Gb-8Ram-200mp-Verde/140095863
"Celular TECNO|SPARK 30 256GB | 8GB RAM | cámara posterior 64MP |cámara frontal 13MP| pantalla 6,78 pulgadas |Con cargador + Case | Color Amarillo",559900.0,999900.0,"https://www.falabella.com.co/falabella-co/product/73203751/Celular-TECNO-SPARK-30-256GB-8GB-RAM-camara-posterior-64MP-camara-frontal-13MP-pantalla-6,78-pulgadas-Con-cargador-+-Case-Color-Amarillo/73265086"
Celular galaxy s24 ultra 512 gb 12 ram 5g gris titanio,3849900.0,5949900.0,https://www.falabella.com.co/falabella-co/product/128314393/Celular-samsung-galaxy-s24-ultra-512-gb-12-ram-5g-gris-titanio/128314394
Celular Galaxy A36 5G IA 256GB 8GB RAM Lila,1199900.0,2000000.0,https://www.falabella.com.co/falabella-co/product/142729440/Celular-Samsung-Galaxy-A36-5G-IA-256GB-8GB-RAM-Lila/142729441
Celular Galaxy A16 256GB 8GB - Negro,697900.0,1049900.0,https://www.falabella.com.co/falabella-co/product/140707024/Celular-Samsung-Galaxy-A16-256GB-8GB-Negro/140707025?sponsoredClickData=%257B%2522isXLP%2522%253Atrue%252C%2522pageType%2522%253A%2522search%2522%252C%2522adType%2522%253A%2522products%2522%252C%2522platform%2522%253A%2522desktop%2522%252C%2522regionCode%2522%253A%2522co%2522%252C%2522context%2522%253A%257B%2522userIdentifier%2522%253A%2522MTc1NTM2ODQ2NTcyMA%253D%253D%2522%252C%2522adIdentifier%2522%253A%2522v2_VsLQFuIvw3uJo_DMird7Ch24O1Lngd6smRLGbd5TsDAEmeyQYh6B7ieG3uxFno8-xoRmprrU-S8_V46chHtItoA9PHCz6ltCcdBhWPkjpbLBJ5-ytTceoLK8vyQKDmAnOV1vwKyToAMAhUEC3Fne_ToRTXHNkoRKgwBfkQWx5-A%253D_ark198b41dbb5060e231b%2522%252C%2522slot%2522%253A7%252C%2522signal%2522%253A%2522celulares%2522%252C%2522providerName%2522%253A%2522mabaya%2522%257D%257D
Celular Redmi 14C 4GB 128GB Negro,389900.0,899900.0,https://www.falabella.com.co/falabella-co/product/136727620/Celular-Xiaomi-Redmi-14C-4GB-128GB-Negro/136727621?sponsoredClickData=%257B%2522isXLP%2522%253Atrue%252C%2522pageType%2522%253A%2522search%2522%252C%2522adType%2522%253A%2522products%2522%252C%2522platform%2522%253A%2522desktop%2522%252C%2522regionCode%2522%253A%2522co%2522%252C%2522context%2522%253A%257B%2522userIdentifier%2522%253A%2522MTc1NTM2ODQ2NTcyMA%253D%253D%2522%252C%2522adIdentifier%2522%253A%2522v2_4XFP6kgfFzv6aGTFIKEtL1kHI8o21FgLL72PlZWMqxAEmeyQYh6B7ieG3uxFno8-BejtMsqNdjGh6p_rXAzApMqERVjflwyC8Ql5Shs8VJ1CkWVtu7i19VFPdDpg0zabLrz2n5LjqOECerE4PsvJhjoRTXHNkoRKgwBfkQWx5-A%253D_ark198b41dbb5060e231b%2522%252C%2522slot%2522%253A8%252C%2522signal%2522%253A%2522celulares%2522%252C%2522providerName%2522%253A%2522mabaya%2522%257D%257D
Celular Redmi A5 128GB4GB RAM - Azul,379900.0,599900.0,https://www.falabella.com.co/falabella-co/product/143032535/Celular-Xiaomi-Redmi-A5-128GB4GB-RAM-Azul/143032536
Celular Galaxy S24 FE 5G IA 256GB 8GB RAM Negro,2199900.0,3000000.0,https://www.falabella.com.co/falabella-co/product/138473835/Celular-Samsung-Galaxy-S24-FE-5G-IA-256GB-8GB-RAM-Negro/138473838
Celular Redmi Note 14 PRO 5G 256GB 8GB RAM Púrpura,1149900.0,2000000.0,https://www.falabella.com.co/falabella-co/product/140121295/Celular-Xiaomi-Redmi-Note-14-PRO-5G-256GB-8GB-RAM-Purpura/140121296
Celular Redmi A5 1284GB Dorado,369900.0,469900.0,https://www.falabella.com.co/falabella-co/product/143074459/Celular-Xiaomi-Redmi-A5-1284GB-Dorado/143074460
CELULAR REDMI NOTE 14 6+128GB AZUL,559900.0,800000.0,https://www.falabella.com.co/falabella-co/product/140754504/CELULAR-XIAOMI-REDMI-NOTE-14-6+128GB-AZUL/140754505
Celular Galaxy A06 128GB - Negro,359900.0,459900.0,https://www.falabella.com.co/falabella-co/product/136315291/Celular-Samsung-Galaxy-A06-128GB-Negro/136315293
CELULAR REDMI 14C 8+256GB NEGRO,499900.0,1000000.0,https://www.falabella.com.co/falabella-co/product/137246603/CELULAR-XIAOMI-REDMI-14C-8+256GB-NEGRO/137246604
Celular edge 60 Azul 5G | 512GB | 12GB RAM,1999900.0,2999900.0,https://www.falabella.com.co/falabella-co/product/73304158/Celular-motorola-edge-60-Azul-5G-512GB-12GB-RAM/73304158
Celular Galaxy A16 128GB 6GB - Negro,551900.0,749900.0,https://www.falabella.com.co/falabella-co/product/143451761/Celular-Samsung-Galaxy-A16-128GB-6GB-Negro/143451762
CELULAR REDMI NOTE 14 PRO 8+256GB MORADO,909900.0,1449900.0,https://www.falabella.com.co/falabella-co/product/140755773/CELULAR-XIAOMI-REDMI-NOTE-14-PRO-8+256GB-MORADO/140755775
Redmi A5 Ocean Blue 3GB RAM 64GB,289900.0,362900.0,https://www.falabella.com.co/falabella-co/product/144659462/Xiaomi-Redmi-A5-Ocean-Blue-3GB-RAM-64GB/144659463
"Redmi A5 4g 6,8 64gb 3gb Ram Cámara 32mpx - Negro",279900.0,599000.0,"https://www.falabella.com.co/falabella-co/product/142898393/Xiaomi-Redmi-A5-4g-6,8-64gb-3gb-Ram-Camara-32mpx-Negro/142898394"
Celular X5B Plus 4G | 256GB | 4GB RAM,469900.0,799900.0,https://www.falabella.com.co/falabella-co/product/73143231/Celular-Honor-X5B-Plus-4G-256GB-4GB-RAM-/73143232
Blade A55 Dual Sim 128gb 4gb Ram Azul,279900.0,600000.0,https://www.falabella.com.co/falabella-co/product/142614216/Zte-Blade-A55-Dual-Sim-128gb-4gb-Ram-Azul/142614217
"Celular 200 5G 256GB | 12GB RAM |Gratis FLIP CASE|Cámara posterior 50MP triple | Cámara Frontal 50 MP | Pantalla 6,7 pulgadas|Procesador Snapdragon 7 Gen3",1499900.0,2399900.0,"https://www.falabella.com.co/falabella-co/product/73051048/Celular-HONOR-200-5G-256GB-12GB-RAM-Gratis-FLIP-CASE-Camara-posterior-50MP-triple-Camara-Frontal-50-MP-Pantalla-6,7-pulgadas-Procesador-Snapdragon-7-Gen3/73051048"
Celular Magic 7 Lite 5G 256Gb 8Ram 108mpx Purpura,1149900.0,1799900.0,https://www.falabella.com.co/falabella-co/product/141352739/Celular-Honor-Magic-7-Lite-5G-256Gb-8Ram-108mpx-Purpura/141352740
Celular X8C 4G | 512GB | 8GB RAM,949900.0,2299900.0,https://www.falabella.com.co/falabella-co/product/73288457/Celular-Honor-X8C-4G-512GB-8GB-RAM-/73288458
Celular Tecno Camon 40 8+256 GB NEGRO,699900.0,1000000.0,https://www.falabella.com.co/falabella-co/product/143321928/Celular-Tecno-Camon-40-8+256-GB-NEGRO/143321929
CELULAR NUBIA FOCUS 2 ULTRA 5G 8+256GB VERDE,959900.0,1500000.0,https://www.falabella.com.co/falabella-co/product/143494672/CELULAR-ZTE-NUBIA-FOCUS-2-ULTRA-5G-8+256GB-VERDE/143494673
Celular Magic 7 Lite 5G | 512GB | 8GB RAM | Parlante,1899900.0,2999900.0,https://www.falabella.com.co/falabella-co/product/73244545/Celular-Honor-Magic-7-Lite-5G-512GB-8GB-RAM-Parlante/73244546
Celular Galaxy A26 256GB 5G Negro + Chip Precargado,1301176.0,1599900.0,https://www.falabella.com.co/falabella-co/product/142715192/Celular-Samsung-Galaxy-A26-256GB-5G-Negro-+-Chip-Precargado/142715194?sponsoredClickData=%257B%2522isXLP%2522%253Atrue%252C%2522pageType%2522%253A%2522search%2522%252C%2522adType%2522%253A%2522products%2522%252C%2522platform%2522%253A%2522desktop%2522%252C%2522regionCode%2522%253A%2522co%2522%252C%2522context%2522%253A%257B%2522userIdentifier%2522%253A%2522MTc1NTM2ODQ2NTcyMA%253D%253D%2522%252C%2522adIdentifier%2522%253A%2522v2_6z-gYKQgMvi5xkSVWW2ogLf-96FoA4uXqzG8I-025q8EmeyQYh6B7ieG3uxFno8-U87j5EibFjrN7Ar2nxyMOMOK7_-crXyV3rM-i8AEHWaESQCK9dy4MpsTfaHrDwrQpn47T6D5J7OcS0reNAGLDToRTXHNkoRKgwBfkQWx5-A%253D_ark198b41dbb5060e231b%2522%252C%2522slot%2522%253A29%252C%2522signal%2522%253A%2522celulares%2522%252C%2522providerName%2522%253A%2522mabaya%2522%257D%257D
Celular G75 RAM 8 GB 256 GB Verde,1009900.0,1199900.0,https://www.falabella.com.co/falabella-co/product/140346487/Celular-Motorola-G75-RAM-8-GB-256-GB-Verde/140346489?sponsoredClickData=%257B%2522isXLP%2522%253Atrue%252C%2522pageType%2522%253A%2522search%2522%252C%2522adType%2522%253A%2522products%2522%252C%2522platform%2522%253A%2522desktop%2522%252C%2522regionCode%2522%253A%2522co%2522%252C%2522context%2522%253A%257B%2522userIdentifier%2522%253A%2522MTc1NTM2ODQ2NTcyMA%253D%253D%2522%252C%2522adIdentifier%2522%253A%2522v2_yvEc5054iNNfB70mRwBSfMach9XNw9vCUydIC9CTUiEEmeyQYh6B7ieG3uxFno8-BejtMsqNdjGh6p_rXAzApBMA1-qe0nG4TR6rBTokjHe65U1TGNkG2tBGBPcDFwoupn47T6D5J7OcS0reNAGLDToRTXHNkoRKgwBfkQWx5-A%253D_ark198b41dbb5060e231b%2522%252C%2522slot%2522%253A30%252C%2522signal%2522%253A%2522celulares%2522%252C%2522providerName%2522%253A%2522mabaya%2522%257D%257D
Blade A55 Dual Sim 128gb 4gb Ram Negro,279900.0,600000.0,https://www.falabella.com.co/falabella-co/product/142614015/Zte-Blade-A55-Dual-Sim-128gb-4gb-Ram-Negro/142614016
Blade A35e Dual Sim 64gb 2gb Ram Gris,219900.0,499000.0,https://www.falabella.com.co/falabella-co/product/142907962/Zte-Blade-A35e-Dual-Sim-64gb-2gb-Ram-Gris/142907964
Celular Hot 50 Black 5G |256GB | 8GB RAM,649900.0,1899900.0,https://www.falabella.com.co/falabella-co/product/73102234/Celular-Infinix-Hot-50-Black-5G-256GB-8GB-RAM-/73102234
BLADE L220 1+32 GB NEGRO,149900.0,280000.0,https://www.falabella.com.co/falabella-co/product/142757720/ZTE-BLADE-L220-1+32-GB-NEGRO/142757721
Celular Reno 13F 5G|512GB|RAM 12+12GB,2299900.0,3599900.0,https://www.falabella.com.co/falabella-co/product/73247747/Celular-Oppo-Reno-13F-5G-512GB-RAM-12+12GB/73247747
Celular Hot 50I Black 4G | 256GB |4GB RAM,479900.0,1299900.0,https://www.falabella.com.co/falabella-co/product/73102230/Celular-Infinix-Hot-50I-Black-4G-256GB-4GB-RAM/73102232
Celular Reno 12 F 5G | 256 GB |12 GB RAM,1799900.0,2799900.0,https://www.falabella.com.co/falabella-co/product/73040649/Celular-Oppo-Reno-12-F-5G-256-GB-12-GB-RAM/73040650
Blade A35e Dual Sim 64gb 2gb Ram Verde,219900.0,499000.0,https://www.falabella.com.co/falabella-co/product/142908109/Zte-Blade-A35e-Dual-Sim-64gb-2gb-Ram-Verde/142908110
Blade V70 Design 256gb 8gb Ram ROSA_.,432900.0,1000000.0,https://www.falabella.com.co/falabella-co/product/142755816/Zte-Blade-V70-Design-256gb-8gb-Ram-ROSA_./142755817
Celular Y38 5G 256GB | 8GB RAM | Camara Frontal 8MP | Camara Trasera 50 MP + 8 MP +2 MP | Pantalla AMOLED 6.68 pulgadas | Procesador Snapdragon 4 Gen 2,799900.0,1499900.0,https://www.falabella.com.co/falabella-co/product/72970338/Celular-Vivo-Y38-5G-256GB-8GB-RAM-Camara-Frontal-8MP-Camara-Trasera-50-MP-+-8-MP-+2-MP-Pantalla-AMOLED-6.68-pulgadas-Procesador-Snapdragon-4-Gen-2/72970339
BLADE L220 1+32 GB AZUL,149900.0,280000.0,https://www.falabella.com.co/falabella-co/product/142757823/ZTE-BLADE-L220-1+32-GB-AZUL/142757824
Blade V70 Design 256gb 8gb Ram verde_.,419900.0,1000000.0,https://www.falabella.com.co/falabella-co/product/142642297/Zte-Blade-V70-Design-256gb-8gb-Ram-verde_./142642298
Celular 110 4G Negro,169900.0,200000.0,https://www.falabella.com.co/falabella-co/product/125025524/Celular-Nokia-110-4G-Negro/125025525
Celular razr 60 Blanco 5G | 512GB | 12GB RAM,3999900.0,4999900.0,https://www.falabella.com.co/falabella-co/product/73304163/Celular-motorola-razr-60-Blanco-5G-512GB-12GB-RAM/73304163
Celular iPhone 16 Pro Max 5G |256 GB | 8 GB RAM | Compatible con eSIM,6799900.0,6969900.0,https://www.falabella.com.co/falabella-co/product/73059816/Celular-iPhone-16-Pro-Max-5G-256-GB-8-GB-RAM-Compatible-con-eSIM/73059819
Celular M55 256GB 5G Negro,829900.0,1000000.0,https://www.falabella.com.co/falabella-co/product/143449630/Celular-SAMSUNG-M55-256GB-5G-Negro/143449631
Celular Redmi Note 14 Pro+ 5G | 256GB | 8GB RAM,1094900.0,3099900.0,https://www.falabella.com.co/falabella-co/product/prod13830203/Celular-Redmi-Note-14-Pro+-5G-256GB-8GB-RAM/73200535
Redmi Note 14s Dual Sim 256gb 8gb Ram NEGRO,789900.0,1100000.0,https://www.falabella.com.co/falabella-co/product/143702281/Xiaomi-Redmi-Note-14s-Dual-Sim-256gb-8gb-Ram-NEGRO/143702282
Celular Galaxy A16 Ram 8GB 256GB Gris,669900.0,1312900.0,https://www.falabella.com.co/falabella-co/product/141074937/Celular-Samsung-Galaxy-A16-Ram-8GB-256GB-Gris/141074938
Celular iPhone 16 5G | 128 GB | 8 GB RAM | Compatible con eSIM,4419900.0,4649900.0,https://www.falabella.com.co/falabella-co/product/73059824/Celular-iPhone-16-5G-128-GB-8-GB-RAM-Compatible-con-eSIM/73059825
Celular Galaxy S25 ULTRA 5G 256GB 12GB RAM Negro Titanio,4249900.0,8000000.0,https://www.falabella.com.co/falabella-co/product/140465462/Celular-Samsung-Galaxy-S25-ULTRA-5G-256GB-12GB-RAM-Negro-Titanio/140465463
Celular Galaxy S25 ULTRA 5G 512GB 12GB RAM Azul Titanio,4549900.0,8000000.0,https://www.falabella.com.co/falabella-co/product/140465668/Celular-Samsung-Galaxy-S25-ULTRA-5G-512GB-12GB-RAM-Azul-Titanio/140465669
Celular iPhone 16 Pro 5G | 128 GB | 8 GB RAM | Compatible con eSIM,5799900.0,,https://www.falabella.com.co/falabella-co/product/73059844/Celular-iPhone-16-Pro-5G-128-GB-8-GB-RAM-Compatible-con-eSIM/73059846
Celular Galaxy S24 FE 5G IA 256GB 8GB RAM Gris,2199900.0,3000000.0,https://www.falabella.com.co/falabella-co/product/138492073/Celular-Samsung-Galaxy-S24-FE-5G-IA-256GB-8GB-RAM-Gris/138492074
Celular Galaxy A56 Negro 5G | 256GB |8GB RAM | Fit 3 Rosada,1599900.0,2399900.0,https://www.falabella.com.co/falabella-co/product/73315338/Celular-Samsung-Galaxy-A56-Negro-5G-256GB-8GB-RAM-Fit-3-Rosada-/73315339?sponsoredClickData=%257B%2522isXLP%2522%253Atrue%252C%2522pageType%2522%253A%2522search%2522%252C%2522adType%2522%253A%2522products%2522%252C%2522platform%2522%253A%2522desktop%2522%252C%2522regionCode%2522%253A%2522co%2522%252C%2522context%2522%253A%257B%2522userIdentifier%2522%253A%2522MTc1NTM2ODQ2NTcyMA%253D%253D%2522%252C%2522adIdentifier%2522%253A%2522v2_a63Ej1QhPSQOlbeIBBgN87f-96FoA4uXqzG8I-025q8EmeyQYh6B7ieG3uxFno8-o1HB_829jv2e9u6xuzWIxhMA1-qe0nG4TR6rBTokjHdg7vucDwh-jNwyAnFE10zBpn47T6D5J7OcS0reNAGLDToRTXHNkoRKgwBfkQWx5-A%253D_ark198b41dbb5060e231b%2522%252C%2522slot%2522%253A55%252C%2522signal%2522%253A%2522celulares%2522%252C%2522providerName%2522%253A%2522mabaya%2522%257D%257D
Celular Redmi 14C 256GB 8GB Ram Negro,469900.0,799900.0,https://www.falabella.com.co/falabella-co/product/136981315/Celular-Xiaomi-Redmi-14C-256GB-8GB-Ram-Negro/136981316?sponsoredClickData=%257B%2522isXLP%2522%253Atrue%252C%2522pageType%2522%253A%2522search%2522%252C%2522adType%2522%253A%2522products%2522%252C%2522platform%2522%253A%2522desktop%2522%252C%2522regionCode%2522%253A%2522co%2522%252C%2522context%2522%253A%257B%2522userIdentifier%2522%253A%2522MTc1NTM2ODQ2NTcyMA%253D%253D%2522%252C%2522adIdentifier%2522%253A%2522v2_D8IWlD_xarn83t-UcnniFLhfk0w6Sl4CyStjPMp0W4gEmeyQYh6B7ieG3uxFno8-GTEOj5Qx2WFNlbpnOS2XFcOK7_-crXyV3rM-i8AEHWYCFR-w5Byf1KLiwkd-xXiUC4k1ZqeATr9UsoemE5gWDjoRTXHNkoRKgwBfkQWx5-A%253D_ark198b41dbb5060e231b%2522%252C%2522slot%2522%253A56%252C%2522signal%2522%253A%2522celulares%2522%252C%2522providerName%2522%253A%2522mabaya%2522%257D%257D
